filename,category
4rug69hxo1.jpg,216
igsdkhy2eu.jpg,132
2pdsgyxir6.jpg,168
h2ilu45qn1.jpg,124
6lcuzxyb7j.jpg,17
8096orcwb7.jpg,111
ovd2pftmy5.jpg,80
o6tahpz3nb.jpg,49
f9gwqy2o1i.jpg,72
utnpwb4oc1.jpg,212
kmurz63s1l.jpg,111
4j0agpncie.jpg,164
a1pr5fntdq.jpg,22
62jfwk8lzv.jpg,65
3kt9eydpls.jpg,166
tk7mqp6rl0.jpg,41
zst40rh35g.jpg,177
jftnhexco3.jpg,92
3065yl8zwn.jpg,190
54tsmdypza.jpg,44
73dfup40bj.jpg,109
um1hgs7kd2.jpg,3
ztw5agxrlk.jpg,81
u3zlxmvyoh.jpg,194
u64mgvklxn.jpg,179
8k9mz4ytfb.jpg,65
3xbyz5d6p0.jpg,189
mh8voqnc2i.jpg,51
xtsrvfcw5e.jpg,188
oqhw45pu2s.jpg,127
jvz2i3gnt1.jpg,11
k43o7mg5qj.jpg,36
jki3m6h81s.jpg,89
pnj5gk84yt.jpg,36
dil4hoyu57.jpg,94
qgahf5x8mk.jpg,8
6g58i3xt2s.jpg,197
tyo4s5rfwd.jpg,71
1k2foyiqlv.jpg,65
5vhtxdopna.jpg,68
o8tbq3exvn.jpg,101
qij1df2b53.jpg,45
1lezfh2jgv.jpg,215
vagjs43dwb.jpg,23
c70rjnpzv2.jpg,113
7zxad3oc6n.jpg,82
rehgw6125m.jpg,87
6v3ipghnlc.jpg,195
4sedlxbw7f.jpg,170
2cna7gw95u.jpg,101
n790dy8tip.jpg,172
w0zrhsx8a7.jpg,163
h1ekiumf89.jpg,165
h10j36uy92.jpg,152
581yzt3xas.jpg,180
y72lj3tbc5.jpg,48
ay1ojmncef.jpg,101
5n7309cy4q.jpg,131
rij6g9qymo.jpg,183
l58m62qant.jpg,9
igj8um9nbf.jpg,3
uiw20z98n5.jpg,69
kjo1np6xz2.jpg,26
o0vyajcu6m.jpg,205
t5e3c8injg.jpg,150
jmlezkuxg7.jpg,4
9r3emn1tjy.jpg,156
p8vfo5jxhi.jpg,6
e25ibj48wz.jpg,107
4hmutl07s3.jpg,217
3762cgkobs.jpg,40
g3dm80ihl1.jpg,74
1rcw0xhaz6.jpg,87
dnlfqi2oxu.jpg,37
c5mq78lotn.jpg,204
7b8ejfau52.jpg,68
fvqerd4c0l.jpg,103
mcyk6otvzr.jpg,88
ym2kqgnl90.jpg,60
x3cvawts9r.jpg,34
qgmoc2a6uk.jpg,145
s487lo05n2.jpg,122
vbnm2d41iy.jpg,184
x986rinb1z.jpg,111
gfhsr02ijw.jpg,6
9dn2gl81jf.jpg,208
dsfrzlhijy.jpg,124
bj9tr08eoi.jpg,11
pweqc0t29h.jpg,160
dsm74x9upy.jpg,44
niky1zwp74.jpg,0
7yqzgtuf51.jpg,117
cxwrq10mal.jpg,79
bvdehskxrq.jpg,88
0ja1dvs6gf.jpg,62
dj7ts985m2.jpg,119
l6p9jer1i7.jpg,93
5thdogiaum.jpg,115
j12vlyn96c.jpg,197
ze5vlg1f0u.jpg,100
ylacr28jqn.jpg,40
7xqltwyu2c.jpg,76
l2v3eacgt5.jpg,172
cwb9yxl5og.jpg,186
2g5snbv8r6.jpg,195
3z4lrcpo6n.jpg,178
j05ykuc2ed.jpg,28
fjqnux9goh.jpg,206
obn54jw0vr.jpg,59
lrbvj8c3o7.jpg,139
vl1428dwke.jpg,114
sekagzlnuf.jpg,16
0kdx4m6jav.jpg,36
iyu1mzhdce.jpg,1
uq8ah34ryz.jpg,76
2kijb9dafn.jpg,182
kmfgnxc63p.jpg,86
6wh7ygoqis.jpg,39
xp07krsqvu.jpg,177
v30pbxnfd7.jpg,168
8pe64nw3qd.jpg,133
b6e3fr42op.jpg,96
1v2gcmxqw0.jpg,198
wrsndgyjzf.jpg,141
lgwndzjsy0.jpg,149
9y7sv8xqc2.jpg,0
zhelcfsn9y.jpg,209
w045gb1xus.jpg,18
1l4enr6axm.jpg,15
xf89pjd62o.jpg,6
49mgbl6kjf.jpg,51
qlzsimc2y0.jpg,97
2dqv43cn1u.jpg,107
4hwk6nx9sb.jpg,116
96qs4uianl.jpg,102
6e1tkdvysn.jpg,168
6sp0wd7hk3.jpg,21
qr4159j2kp.jpg,86
a098u7fyod.jpg,156
8xbjve4m96.jpg,9
sicx6lo4eu.jpg,133
403kzd58gw.jpg,23
wx8no1cjyk.jpg,2
dxv5zfe7qn.jpg,91
zp7nm6yjd9.jpg,178
p8u5ric2ht.jpg,48
vemngh80tc.jpg,138
abn7swh58l.jpg,25
fwnkx53drh.jpg,153
72k0v5cjox.jpg,53
n3mawi12t6.jpg,118
2nfdbv5gz3.jpg,109
tfxsw93hp0.jpg,54
v0xtd49gr5.jpg,106
vyd7npghlo.jpg,39
swixut5b3l.jpg,0
sf3y7lnarm.jpg,50
8zw34xh7sm.jpg,147
4xpa0elowt.jpg,40
r1dmxfsp7z.jpg,194
0gnjdfq4tu.jpg,181
me3uqlixjn.jpg,0
c9s8mk7qb1.jpg,31
s2zpq4ijhw.jpg,33
ou4cftbxn8.jpg,45
1ozqv5bhxe.jpg,176
0s8dp7i69a.jpg,51
hk5tisp1mr.jpg,151
qrpfm623u1.jpg,75
tel124nj6s.jpg,37
70wzcgx3fm.jpg,132
vmxw570c8t.jpg,51
ibtero3ms6.jpg,3
cvq3kjy812.jpg,24
0gawub3e76.jpg,156
yg90zn2vpl.jpg,178
dawtgnr3jh.jpg,119
mgn81z9kc3.jpg,8
uojyhwki0n.jpg,206
j8l7rb6x2d.jpg,42
n9qfsec5mb.jpg,34
j8xwygreh0.jpg,185
8lgh6tnrmf.jpg,17
xl4vyruk58.jpg,190
5epn0r2dtx.jpg,21
ca9zmxwgn1.jpg,147
g8f2c0m4lk.jpg,54
s3fb49g0dq.jpg,62
9n726loid8.jpg,84
dgjyl45eta.jpg,161
nfd1g3kwy9.jpg,86
u34vhrwpjz.jpg,176
4ucan0q26o.jpg,204
y058cohfkg.jpg,6
eftr73k51n.jpg,24
n73k4y0imx.jpg,213
8q7103xz24.jpg,202
vd1qhaxofc.jpg,175
macyh4zvdb.jpg,22
oyhrqla1dg.jpg,4
1lebnyzs98.jpg,20
c9h2wi3fmu.jpg,73
mbf0r6qn1d.jpg,87
gilsw5xp3f.jpg,188
0uijyo2btd.jpg,178
4rv2foh0yk.jpg,90
tb5afsk6lr.jpg,80
3bje5my9kh.jpg,144
mo8gw4rhsx.jpg,5
mgi3kz5evj.jpg,194
k4w5v1orjz.jpg,187
h0p18vl6fr.jpg,192
24exlyszi1.jpg,56
526tfqw04s.jpg,68
khaz78j9mf.jpg,170
hfe7rqdu52.jpg,49
qk8u6asrhl.jpg,122
horgyf4m3q.jpg,83
re3fbzd9pg.jpg,24
6o4szjnh19.jpg,119
l9qgefs8nv.jpg,80
c4ubsjwniy.jpg,162
gezkvuy0o1.jpg,102
h8y4mi10qn.jpg,207
410je2qt56.jpg,119
7pcasxfwe6.jpg,22
x6ijkeatn8.jpg,56
3w02s5jpnz.jpg,102
30ajyigdcu.jpg,138
0e1u74idof.jpg,12
32fzagoneb.jpg,54
xpcte0n3qm.jpg,143
tg54hnrxdp.jpg,13
2bu4kndtxv.jpg,88
1hm8ijb0vk.jpg,55
s381z6kge2.jpg,102
ncvzaep06j.jpg,172
qb2mhd9liy.jpg,212
6psb2z0eox.jpg,185
p6xa9geu58.jpg,200
6glfjz3mpv.jpg,127
arqzi9ojyu.jpg,35
5fh7zcp8ny.jpg,203
6e2v7xt45u.jpg,212
bsj3yf0q5a.jpg,77
kqalpxg45b.jpg,130
rmf6ha1wqz.jpg,112
g86p97ro3x.jpg,61
cn7mhqkb39.jpg,38
o8hybcvenp.jpg,101
v73wolg049.jpg,144
tmd1p5iksf.jpg,203
ef1hxjb78k.jpg,89
otdgefa1b3.jpg,136
5lo8r9jyeh.jpg,157
976z1okqsi.jpg,160
9y5g7hs28o.jpg,10
lqb94sx52u.jpg,189
mngu7kwiat.jpg,20
apbx9wfyej.jpg,163
hqme9pb6v2.jpg,140
ohbi3v5ng6.jpg,152
347q2106gk.jpg,139
i8qr01seyx.jpg,191
d9wv7s4ogc.jpg,88
cr1nqm3zx9.jpg,71
pab2fg95dj.jpg,42
240psvcag7.jpg,93
bw5xm8o7y0.jpg,97
s91hm6tyv4.jpg,173
h36xio2yun.jpg,43
epb1slk5vc.jpg,182
7bwyo82k53.jpg,103
umpsk05tzq.jpg,134
e24wptzk3g.jpg,32
51ylk2mdfz.jpg,143
9or1twqh06.jpg,127
mgp6atj4rz.jpg,131
4kehfjtrsq.jpg,137
6sq4gjcyiz.jpg,97
clhk6o2nxz.jpg,59
57ws9uc8oz.jpg,29
sxpke49az0.jpg,158
735gqwclov.jpg,84
tpm8q6xo1k.jpg,125
5kabs4q6m2.jpg,68
dvyp5lr7zn.jpg,152
kut80e51cl.jpg,21
8j346nlemt.jpg,70
hanwjkuvzi.jpg,115
2uhcpewqmk.jpg,90
ervm2c3sgw.jpg,84
ux0c9nb5zi.jpg,196
y1p5g8hsq6.jpg,48
7fmec18ds6.jpg,113
9hpl18m5sv.jpg,12
y86keuj5ox.jpg,41
rekq6fbugl.jpg,29
9f7dkaqw63.jpg,187
0y3epg8s2a.jpg,173
8blaev976r.jpg,204
ck6msi4y9l.jpg,149
o31e5sqdfy.jpg,112
dzwupx3lsb.jpg,20
qtgzdo8u0b.jpg,81
aqkgo7b3cn.jpg,5
fp1gkw2u93.jpg,75
caw74fr85s.jpg,167
6co70z981h.jpg,47
tl3kcrdvof.jpg,103
k94dptf7eu.jpg,195
5342f170wa.jpg,62
mw8dlo7yfj.jpg,100
eznm5d8y2k.jpg,51
q015k3zh6i.jpg,7
qv9im8taly.jpg,128
ocxytn405s.jpg,129
my5796rjxq.jpg,133
typ2q9sw0b.jpg,54
s7malrd3gf.jpg,124
ecdlfj85aq.jpg,4
e0xw97o18r.jpg,217
a9kxm1dvc8.jpg,118
2ir0kwam6n.jpg,38
at06dxb5uf.jpg,171
r237k6jydl.jpg,199
vu8qck2pyl.jpg,166
0vq9ct7mg1.jpg,30
dfix4s68k1.jpg,106
032p7z15ol.jpg,171
ivgqkwmds2.jpg,82
g4fmwbo16c.jpg,43
fskpgzn3qj.jpg,59
p2ojvfrt7q.jpg,63
9gdxjkpmfi.jpg,142
67fmhwzi3n.jpg,23
2391qpv8cs.jpg,168
dcvb9tfwa3.jpg,111
vy1ohxusw3.jpg,170
ql43hy1w2j.jpg,154
gmkira4nzj.jpg,172
itb01ryodm.jpg,53
5qh0iegw38.jpg,30
w8s69l1hiv.jpg,202
2dhpo9n1g4.jpg,90
52vcn3os4r.jpg,216
jyugwxl9nq.jpg,84
7ugpqotjzc.jpg,67
ywet5k4csu.jpg,133
tusvg61rz4.jpg,182
nilxap196t.jpg,7
ci2kay7bxh.jpg,189
8bsn9wyqhv.jpg,19
0d9ucgfmy6.jpg,135
udxkj4910m.jpg,150
zrg1i5j2vt.jpg,201
0j2v53fyn1.jpg,184
jyqmzv45nb.jpg,32
9cnwe1lij6.jpg,43
jzlwcy1b95.jpg,116
kcpuizryl3.jpg,216
qav86olr5y.jpg,89
jwpt8ld3n4.jpg,210
6ckta9lzo7.jpg,48
1vqyj3280z.jpg,70
86k7lz1i3d.jpg,190
cbolq7kusr.jpg,154
r4kt1axpl5.jpg,150
4x2mwfs13l.jpg,104
n41d2pwqvb.jpg,22
r8yq5o2teh.jpg,19
zy9m06bhgl.jpg,55
bvp9dksyqa.jpg,133
qr61azm5nc.jpg,116
1kt9palgbf.jpg,63
6cflj4txud.jpg,129
lw3q2d7xco.jpg,207
gtzbudeivx.jpg,57
fdu860m1qp.jpg,125
6qw1su2h0r.jpg,117
dika3b79vm.jpg,184
98uhpvlfni.jpg,1
0zjbvpworf.jpg,167
lja6bvp21x.jpg,21
8dnk5j62qc.jpg,99
084dzytmfe.jpg,41
9tirxpf3u2.jpg,175
9emabilzjy.jpg,197
xgtycpzmir.jpg,74
71moswf85d.jpg,137
byil0spw34.jpg,26
igqykm5l7t.jpg,184
nr0kp6a53x.jpg,181
tou3f7pmi9.jpg,209
t907cw3qg2.jpg,116
aobskuzt4f.jpg,120
83labsnow2.jpg,44
uetjzpw5s3.jpg,190
q9dti6vg0x.jpg,212
kro9c8vm13.jpg,40
wkin28ve6o.jpg,216
dun0grjwb2.jpg,145
35riksogl0.jpg,94
e5yusoh287.jpg,7
uin30jloy8.jpg,33
e8soz0ldnk.jpg,201
5uj9yevrk6.jpg,182
40j5ksl7om.jpg,19
4ejuz2nlfg.jpg,109
zhg3nvpq5b.jpg,7
zpviw32thd.jpg,215
t5a8kuoil6.jpg,98
su4akigqpr.jpg,31
n6btglxu8v.jpg,15
baku276tdm.jpg,121
yvju081gd6.jpg,88
yscl65wze4.jpg,57
ms8jy9hgi5.jpg,15
vz03waghuq.jpg,151
bd2ex9vzit.jpg,171
72isl14kn9.jpg,32
kf3brigts5.jpg,94
8borky4jvf.jpg,69
87k9b1tnwe.jpg,66
dc569pbi73.jpg,131
216ulqy9je.jpg,59
jreu7hawcg.jpg,193
58deo1cvki.jpg,209
st1p3di097.jpg,123
fu7tazsdly.jpg,145
t6un7lvw3y.jpg,11
j9lg4o3rsy.jpg,139
k8iz6l9wft.jpg,74
8wnz6t14cd.jpg,83
j3yeqihsmw.jpg,39
dotn26v83u.jpg,200
p8ai47w5nf.jpg,207
oa8phfck0g.jpg,58
3hd6c94285.jpg,104
1suz7kac89.jpg,215
qehkdoxu4j.jpg,84
2srnlmzx47.jpg,139
w27nmkfge3.jpg,14
46xw80hkz1.jpg,49
5zalsobc97.jpg,53
sguq8n5mr4.jpg,57
ruejingktz.jpg,15
r1ft32e7ca.jpg,187
ex60y4qdzl.jpg,64
ifnhte8wqs.jpg,195
fn8ue5t4ap.jpg,148
mhjtwade1g.jpg,7
kf680wgzpe.jpg,25
kua8onbpsi.jpg,83
pirkcdqnvw.jpg,136
jt0sfa4wz8.jpg,35
ta5v3sn0dw.jpg,184
l4x3916bvg.jpg,34
yv185rj7gw.jpg,183
zbnmre40c5.jpg,109
m46b1xciyl.jpg,91
7vj8cfwtgz.jpg,13
0f2wec1id9.jpg,141
k9iwdoh8xz.jpg,98
yg6z4fxb8d.jpg,18
7v3tgx4bd5.jpg,26
7tl31zpuyg.jpg,70
gs9wqtdm5p.jpg,154
qcop3gerzl.jpg,132
4uxdhvbat2.jpg,79
xe5f8blhdq.jpg,52
vrtw98cbgk.jpg,111
gcwujzvh28.jpg,46
nkhys6mdgz.jpg,10
sv53ujcf9d.jpg,210
nuktpe7g6y.jpg,212
dupnmqae62.jpg,18
cplxhw6ek0.jpg,207
vne5f9kldo.jpg,218
spyj1k5r9z.jpg,177
gm0phedti6.jpg,201
9fciv6nbap.jpg,94
5ras3dqig7.jpg,103
ae7udy4p59.jpg,5
816idz2eg4.jpg,178
g4mevpylri.jpg,158
igs1wo7qkj.jpg,11
by0ok4fxzl.jpg,55
sbohn3zl6v.jpg,114
rl6ybks15a.jpg,27
2le43zcqfj.jpg,213
mliwhbkn7q.jpg,149
id1qmeu2ks.jpg,217
uj3hz6dtg9.jpg,14
0rv9woke27.jpg,171
4keqwaotvy.jpg,25
rx9av5y4zw.jpg,41
d7qktgcmp0.jpg,31
ni1sq4btro.jpg,44
wzanx7hd4i.jpg,109
q6r8ybzv53.jpg,119
dun86e9x2s.jpg,96
m71sa0bgph.jpg,152
0tzkesu7vh.jpg,60
64oj0qtw91.jpg,98
ez3jfhi6w7.jpg,132
m1e3loyzwr.jpg,93
o7h8rtaqdi.jpg,106
u3fel5a8xw.jpg,99
3vr6axohik.jpg,85
lwvngfa3z9.jpg,159
zyebproc9x.jpg,85
wg36obamye.jpg,102
6puoj8vbcl.jpg,189
7z53qtv28j.jpg,214
zhdp3y8mq0.jpg,23
3jdlrqgcz4.jpg,0
mdhys6ipbw.jpg,95
he5gjk6m3p.jpg,25
583xman1vi.jpg,204
lu4oanz2yh.jpg,115
5g1u632jvx.jpg,67
k4usoziyq3.jpg,30
pzbt8xajw9.jpg,110
m6pf9vzruy.jpg,76
2eths8c9vn.jpg,33
7p5qb6i82m.jpg,178
y1ihq6ufs8.jpg,105
a87q3bepnj.jpg,21
n6x5ezfiu3.jpg,34
0vkloujhna.jpg,154
5i7ktsa84n.jpg,167
74j8wsaepr.jpg,214
mzuki0xfs8.jpg,193
nsgd5kwh4x.jpg,5
ntz4yoiq0b.jpg,52
5vjfmc0esr.jpg,125
w2v9tap7iz.jpg,27
a6wkd2ipfo.jpg,194
zpv0blo4q6.jpg,187
c8ljawbk2e.jpg,69
9e4d025avw.jpg,69
o5yftelzc7.jpg,142
w4qhpn839s.jpg,142
wy8srcemjf.jpg,91
i723kbzohc.jpg,56
d94e8f2t0y.jpg,180
70p3db6mnt.jpg,106
5u47pqwagh.jpg,132
u8si09zra5.jpg,54
7c1elmvr8d.jpg,72
ivtnzhrdlu.jpg,46
m0yqtdbjgv.jpg,33
mfj71ris36.jpg,59
hzj03fwpnb.jpg,155
c4aoxdr01i.jpg,81
5qf8da31bp.jpg,183
d3vihwky70.jpg,136
8pjkqhw6rg.jpg,113
18roqtwzmx.jpg,157
m9tzlx0rao.jpg,145
sopc278369.jpg,30
nktm7ac6gu.jpg,63
2qacykxz5s.jpg,179
t2jqorncwd.jpg,183
crilf5enta.jpg,211
m0e3nis9vp.jpg,33
zeyjtp6uwn.jpg,170
hatm23fb94.jpg,99
ygikt8alvc.jpg,141
hfyk9wvsxa.jpg,1
f97e0ia5yq.jpg,65
yr0fvd4j6b.jpg,193
cutrjadfbe.jpg,163
nwol3afprm.jpg,92
wkrlf1dx5e.jpg,128
9kgiqzj17d.jpg,205
riv6g7d2qh.jpg,214
6ub9qf1jwn.jpg,60
s9iq8lnv3h.jpg,4
uav73jnzq8.jpg,114
hn7yg9elbj.jpg,32
ge18s4wp56.jpg,48
xpuidown25.jpg,138
qaxhnksec9.jpg,152
mth6awr7c0.jpg,177
k9rleh1oqd.jpg,58
6c2xkabuny.jpg,79
c94qdzx2r0.jpg,26
0evyz4ogbj.jpg,110
l9d5ecf0n6.jpg,117
hbrmx1o8sv.jpg,188
qmwsvek132.jpg,70
8si0wlpuk1.jpg,8
wrk8zm9vyd.jpg,192
wc6zs3l2dg.jpg,159
3c76hjmz0s.jpg,37
prj10vohc5.jpg,169
2lrxn17mv0.jpg,63
5jr6x2y9p8.jpg,0
jy4ms58fo3.jpg,73
fwihzlqe7b.jpg,33
mhoulbq30d.jpg,199
56xnqeco0d.jpg,208
3dkx0y9ben.jpg,175
vjo6xacp3t.jpg,100
dmnkrj3wsy.jpg,47
60c5rme1ts.jpg,75
u4o2qvys0r.jpg,127
zvltb5j4e2.jpg,191
kl3d5sj6p8.jpg,184
1y8v9uoerm.jpg,12
2cjmveo601.jpg,208
4ithkjluy7.jpg,94
dr53w9aogj.jpg,171
l7dnj438i9.jpg,157
uxjqrhm8gi.jpg,3
6xgb3nofj0.jpg,157
02nehv1tf6.jpg,105
ze0vndq7ia.jpg,75
sxmynbr274.jpg,131
c0p1uheoa2.jpg,115
l0xoj3eqzt.jpg,46
qy079laemw.jpg,26
5hykev6s9f.jpg,8
dhc3uy8pas.jpg,213
9grlopjwtu.jpg,191
kdmarp5xj1.jpg,205
4wsvfi82nh.jpg,129
8apt9hu4rs.jpg,48
96w1lsatxu.jpg,3
uxbte9iwol.jpg,126
fcailxtgyh.jpg,30
tpdhqy0mij.jpg,76
nutdf6w8se.jpg,71
keh6g5lasq.jpg,36
eo17mysb5a.jpg,42
gyo9qmtarb.jpg,185
t2u5yhlsfw.jpg,186
ejzc6fqy7m.jpg,162
i0pa34tsgm.jpg,152
1enqlvtxo6.jpg,17
smhd3q9uj7.jpg,12
ebguj8d9of.jpg,108
p9nsitlfzk.jpg,103
3oif52dw14.jpg,108
rimyn6vfas.jpg,212
19urj54ob7.jpg,64
y8pf1lgvnc.jpg,159
7gb6pamit8.jpg,72
hnj4flyoru.jpg,81
nth1fqwaob.jpg,215
7fve9dspb0.jpg,209
u56orj28pz.jpg,76
7o5kc41zsj.jpg,66
3dzgvj45fl.jpg,22
tcsg7d58i3.jpg,164
vojkqzr2i5.jpg,52
v8r0iotj7s.jpg,130
cdl87xvigj.jpg,198
1kmopz5fuc.jpg,156
finhpu42jd.jpg,117
t4nl8x0zgb.jpg,94
xzeqtv67p3.jpg,74
m67ainphvk.jpg,36
ib2srkuzn7.jpg,107
ma9yv2sjxt.jpg,40
c6ahzjivgf.jpg,149
qopugd9wb7.jpg,135
or3pey6xi0.jpg,22
gsd4y3xcf5.jpg,192
6jf8nev9ld.jpg,133
dj7brs8oc4.jpg,169
8c2uw5prkd.jpg,188
qc48w9znxk.jpg,46
lpug4vqy50.jpg,179
920w4vzxyd.jpg,74
gpbcinw462.jpg,16
hmlj0ugqxt.jpg,188
8b7fj6cqh2.jpg,10
qpot5x0c46.jpg,134
c3jnp4tzwg.jpg,99
q6arbd4uec.jpg,194
29nogjzqm4.jpg,91
j1yso54hl7.jpg,17
1c3ou9kyvl.jpg,61
f2awn5ovbr.jpg,83
h0c6kgzu2b.jpg,151
w0jr43t62f.jpg,24
ycf9onuvgj.jpg,81
dqy7p98r6b.jpg,58
r13hbzgoes.jpg,129
41i3lxpjwu.jpg,153
l1m7kny389.jpg,136
nwklmyu2g7.jpg,96
2jk58mvldh.jpg,79
4yw0hedpko.jpg,105
f5snyu1k3v.jpg,139
vrgk0sy3bl.jpg,142
g0qr15bjsc.jpg,24
8fd0qkbhiv.jpg,66
bro8zmsce3.jpg,181
1alfpuo7wx.jpg,31
2ln8p7k6o5.jpg,120
2qyjkac5xr.jpg,106
5ct0bsjr67.jpg,113
1xlq475kg9.jpg,28
fm0itkjurl.jpg,69
3ra4b0zjon.jpg,92
1r2305vbfi.jpg,25
uas572eblf.jpg,90
rnlsbkvag1.jpg,108
vkpuhdlmey.jpg,151
4ib09xpyc6.jpg,78
ugdlnaf61v.jpg,196
c4ib03vhu8.jpg,89
pokuc62eyf.jpg,20
lhtjb3x8z7.jpg,127
zkj614brlh.jpg,150
x12ui7p6z0.jpg,120
dxlzoym0wk.jpg,155
cr0hiywvua.jpg,130
5foaivg7cs.jpg,68
k1cqia2zo5.jpg,153
t2hz0g5uk7.jpg,74
g4bfk75vse.jpg,176
4qhrtfv1zo.jpg,71
dz6185v3yb.jpg,189
snfirgdj6h.jpg,157
ceqla6dbhk.jpg,126
zna1vob5ke.jpg,22
i2f4x1jw7n.jpg,76
dhni5ryaue.jpg,195
j5y6u79ahe.jpg,80
ncur7qwv5t.jpg,203
07uqc9hdnt.jpg,131
r396mgclky.jpg,128
mx39h60qvj.jpg,95
bu7ik1gj63.jpg,72
relcin6j3q.jpg,44
wkt6svud0h.jpg,110
ehu1cb8rx3.jpg,201
uqyjgihwp4.jpg,9
c1h5r96ls8.jpg,6
310fyoh8jx.jpg,43
aw15o7zhqj.jpg,131
kctujgf0e4.jpg,108
kzr6538ch9.jpg,68
bwzex3s1nh.jpg,53
extk6s0w4l.jpg,130
vlnqdkwch5.jpg,127
tfi3h87maj.jpg,175
93q4ezcbo6.jpg,143
zgqm6jlpiu.jpg,134
el1audwz4v.jpg,174
y5qbdhfu07.jpg,166
96qahzepwy.jpg,178
uldh4w7bqr.jpg,71
ctv3fjpqmh.jpg,101
vz2n0icqt1.jpg,63
tjmexq84vh.jpg,141
ur6szkhify.jpg,196
djwx65nypa.jpg,17
5t0c9zgjni.jpg,9
tsmxauhpkr.jpg,121
vlzs3ih1yg.jpg,9
sjiv809m7g.jpg,169
dj2ef18ns0.jpg,88
a75mgw4n0q.jpg,129
n1gapuosf4.jpg,5
g861hjq0eo.jpg,201
i9j38pbdaz.jpg,82
e10ftm364s.jpg,32
pyed169lkn.jpg,192
d2xcprsjmq.jpg,50
g8oxv0picu.jpg,20
g4h79n0pte.jpg,14
w4k1yng9tf.jpg,185
i9fnxrg170.jpg,115
qbuavtldoj.jpg,59
rfzog9yhw4.jpg,95
k8mlxtzvho.jpg,196
2kuvwm3y6a.jpg,78
mz5q7vd4jt.jpg,210
yt6ha5dsop.jpg,152
0znihwd17c.jpg,98
64ayjiou9l.jpg,120
2ulegn7fxp.jpg,121
c6e7pb40ka.jpg,128
ptogv90j7r.jpg,92
zjqclouebx.jpg,209
gl1iujwoc3.jpg,53
6gvxae72p3.jpg,209
dqhk25ylvs.jpg,183
52b4z9ls37.jpg,14
aq82wxf7e5.jpg,107
hj3c5f8mkd.jpg,67
qa1hdxrlu5.jpg,9
ominlbqhz6.jpg,13
6il7z1utsm.jpg,130
pxlv3wk45b.jpg,150
x3ftwo9a1d.jpg,182
zlpef0vcos.jpg,39
m5adzh1bni.jpg,7
n58zrgfm1e.jpg,195
ji0o1h9plg.jpg,170
691rdlbpn0.jpg,135
8sgfjwaq5v.jpg,155
8uamro2nch.jpg,20
316kp84gzx.jpg,198
inb5jgscot.jpg,95
a475z3it0c.jpg,108
lqbphe7w8c.jpg,168
7uerqn80km.jpg,196
qlco056prk.jpg,146
pw7cqy341x.jpg,92
1z4h7la69v.jpg,90
u2j1svhxpg.jpg,110
hfyw5g6a1k.jpg,200
ox015ptw9v.jpg,27
17at8fyrjz.jpg,205
s7i0ozbqn5.jpg,72
n1k08bxqa6.jpg,125
mxb7i031z6.jpg,122
co3k4jhsyx.jpg,104
odkh4zs8e3.jpg,7
53vntake08.jpg,23
atfmueqpwg.jpg,96
4gju5wsr3a.jpg,4
rtuzqw2ekb.jpg,25
tzp5chyskx.jpg,207
hia3lf4sjd.jpg,146
b68loqufk1.jpg,58
786ioag1u5.jpg,138
2v0bp31iku.jpg,163
wtfimkcv8u.jpg,19
d12cymg8fo.jpg,28
il84wysd0n.jpg,66
530kf2v8c4.jpg,106
c2a4j8yp50.jpg,105
upwylq50zs.jpg,146
1vsnjdzkxc.jpg,77
14j7cbrunh.jpg,16
kja4qcs2lx.jpg,87
zdse9yhx2f.jpg,130
zmhtnic29s.jpg,26
9dejskrapn.jpg,102
wf2gj6947t.jpg,8
2od971bwn0.jpg,91
m97xzqfvsb.jpg,203
v49wfjo02y.jpg,73
6f7kg94lr3.jpg,2
ka73bvsgw4.jpg,47
yrucdahpm5.jpg,54
jzskmofc6p.jpg,52
akqw6ugcb3.jpg,197
mzec42h0a7.jpg,199
6biot3hemn.jpg,26
tnlfmgi305.jpg,186
2xu3jb9w4c.jpg,70
751qgzdves.jpg,39
2cepd1oy7t.jpg,75
rs0h2nfg7o.jpg,29
15tsi03djc.jpg,116
lv91kji7td.jpg,62
xrc93jsy6g.jpg,133
s63th18doy.jpg,1
l4eh56vxm1.jpg,13
wl37mcoqtu.jpg,198
nbtu0e4vl5.jpg,91
fln5apgiu6.jpg,199
bg8wv2hfse.jpg,118
bgufami6hn.jpg,153
juybmfx93w.jpg,167
ekocst68zm.jpg,59
9qr3y8t7b4.jpg,61
oxrhmn7s9g.jpg,204
fdlsrbpn6c.jpg,211
lsnqtz64w0.jpg,103
mv48pxaun7.jpg,27
yg38c6ph05.jpg,139
6y2g4zn701.jpg,12
pjzubyw20e.jpg,187
ph1j5dkq42.jpg,113
ov1gh4qdpk.jpg,198
gauokjep8f.jpg,109
dbjq1zwkay.jpg,133
3f47vrk21p.jpg,167
c1j45xfzn0.jpg,81
sq5t0yoi27.jpg,203
w9cspv37qg.jpg,45
4i9kj51xro.jpg,16
pinod7vjzk.jpg,213
utayink7ez.jpg,28
tcoefd47n9.jpg,144
ztm78n2l6g.jpg,35
g6dau8wo5z.jpg,45
9pkz40oquj.jpg,13
dt172rusfy.jpg,100
63xtqlbvyz.jpg,3
4vd5cjpnm2.jpg,51
ja9crqih30.jpg,2
96gcnuz3lm.jpg,181
ljqhw0t68d.jpg,154
so92rqmze5.jpg,135
0x9k2t6f5w.jpg,154
b6xcngshzv.jpg,86
ctvo5egaj8.jpg,160
324o5bp1dy.jpg,87
91vtr5q8yw.jpg,52
tmu2wqb6zi.jpg,85
pqexflu046.jpg,34
ydb9vfk8oe.jpg,57
i4yt8j7bgl.jpg,5
p0217wde3i.jpg,10
hszf7v5tui.jpg,174
jfdk0nz7u1.jpg,115
kgz46toidh.jpg,75
4y0kp3td78.jpg,70
v6nrahw5xf.jpg,35
bz0kw2u41q.jpg,144
yr2iokuv98.jpg,174
z9ore680uf.jpg,203
8hak6n7cfv.jpg,67
iu3cvdwa7p.jpg,165
clesxni0qj.jpg,58
i97lxag30z.jpg,123
4uwtasjc53.jpg,192
nzq72tp01f.jpg,107
neqs9dz40c.jpg,66
8qc6xka07u.jpg,186
m3vsygqwbh.jpg,29
8dlnvz3hoq.jpg,158
zgc2mnh7u1.jpg,138
cr9m2pteoy.jpg,31
xq3klre8yn.jpg,25
k5rqsgp1u7.jpg,179
9p7hk5js3m.jpg,29
mp0rbu9as6.jpg,214
58nv7hgwkp.jpg,80
gj0hdualbf.jpg,146
aou8vrskcw.jpg,127
g13mhbxw24.jpg,161
7atixbyj3o.jpg,112
ioh62pzxwt.jpg,79
gntcoebrqa.jpg,138
b1d6yjg2s9.jpg,134
rlansm7g3v.jpg,124
ip4872akng.jpg,202
q73wjh58o0.jpg,117
z1inxcdtpv.jpg,29
vqhco1fin2.jpg,97
xyqj6vubkn.jpg,148
nr29ga6uws.jpg,4
b3dxt9i082.jpg,164
5cdyhl23ps.jpg,27
dhnbmwe83g.jpg,67
lf4n7pykm0.jpg,210
c7m14g6rv2.jpg,145
heqoycvwp0.jpg,110
jdgiuf2atv.jpg,14
isfpa35971.jpg,85
3imr5hlfp6.jpg,54
fzvcrp8qd1.jpg,123
8r2bdnhsm5.jpg,21
o59cg32p1r.jpg,180
1dx8hjnbgf.jpg,51
rosyj7vptc.jpg,98
c9qztk7e6n.jpg,78
2e9cqb73xg.jpg,140
3jlcz4rnwp.jpg,144
lrey6wj253.jpg,103
otbhpuf7my.jpg,145
uiwjd186sa.jpg,177
6w1ym9jerf.jpg,151
sbdnl4iv29.jpg,135
f68z915x40.jpg,50
9a4ryif2xc.jpg,218
0yfkw35h1m.jpg,34
ri1l0jv2m5.jpg,176
wvbs9arnp0.jpg,65
lwe3au2t5j.jpg,65
9tex4p2aj8.jpg,28
pkojmucirv.jpg,188
qheo2tkz91.jpg,123
gcoljt4k8x.jpg,161
se8ug03h6l.jpg,155
vi7remahxq.jpg,43
ujnlxyk028.jpg,158
xk6y5ac7mn.jpg,190
ipartmk5gy.jpg,182
iknats6ufx.jpg,46
bif6ayhjm1.jpg,151
9lym4ikfud.jpg,60
izedjsquor.jpg,148
jcnek6tpyr.jpg,81
ken0vxd7fp.jpg,84
6hqy7ud4jc.jpg,146
nazme7v0qu.jpg,142
pm3d4c1qhn.jpg,46
z521b46897.jpg,95
9yos7ch31n.jpg,141
l2su5jo6cq.jpg,192
i8abutrcz2.jpg,167
oryfh817wz.jpg,190
pxzfdtqso4.jpg,21
xq3o5lndtr.jpg,77
mbhzkq65sa.jpg,163
2mrz7of1j9.jpg,104
4mnb3ijfgx.jpg,145
ckmr1ivqot.jpg,100
ujh2qf0lvk.jpg,149
06uasyi3nt.jpg,120
7t9vkoc2pz.jpg,118
i4txfn51vc.jpg,57
pnthq83ob6.jpg,178
meu0khftby.jpg,41
jaxwvcefzl.jpg,182
rjk1pd2izt.jpg,44
vpmsgch3en.jpg,139
m9cfnzjrwy.jpg,196
lzrafugvc9.jpg,214
egb3lao857.jpg,42
27zahs4k9l.jpg,27
9ysu1fcodk.jpg,45
gxbmepi5r0.jpg,123
n87lkiq301.jpg,17
vyreho95ux.jpg,64
dyk3prs289.jpg,180
ym97fnuxpk.jpg,96
vocu0iw7hm.jpg,55
f9px3ngvdo.jpg,70
qb35s68pri.jpg,67
nih2x0zmsk.jpg,62
n4tce0huv3.jpg,148
szedxk2m39.jpg,54
5isz8tmbnc.jpg,45
3r8vhx2jmy.jpg,132
oatgn21muv.jpg,34
mo27d49lrn.jpg,18
bm2kodr7hn.jpg,166
lb6875n0f1.jpg,50
r3hzfqscm6.jpg,211
4ef530djqw.jpg,130
ucbqs9j51z.jpg,105
4uqmd8yjo7.jpg,187
bo60lf4xgw.jpg,189
qxsmrvoa8z.jpg,210
7pe9jwq84x.jpg,151
aj23918mle.jpg,201
nlqvrh78yf.jpg,165
p2l87i1v9h.jpg,143
hcmxv6lowe.jpg,106
ehd26rgoq0.jpg,204
bkmc3ufr4d.jpg,9
1wgtc42meh.jpg,118
whmaysji28.jpg,24
uhdr9pbc68.jpg,168
bkz57ew34g.jpg,158
vg6mpcyhri.jpg,100
efqdjakt2b.jpg,94
gue5rkfvcw.jpg,193
7pz3fyhw8t.jpg,205
7dwz1uabrq.jpg,28
fk7d8lg1vw.jpg,137
ayezh6x1l7.jpg,202
kswn13567i.jpg,3
7nk4tehbil.jpg,71
ws3enarf4x.jpg,187
sanq65o97m.jpg,159
02sx9ijfd6.jpg,49
1h5kftvwp8.jpg,2
2w89rtl7jd.jpg,23
hrc97on1zx.jpg,13
wb14oajt2x.jpg,78
dzerfmji2n.jpg,181
8vbapirnk9.jpg,134
lmkbtd2os3.jpg,174
msy0lv2zxr.jpg,161
ql1acvdf2h.jpg,160
gt17uawrl5.jpg,149
sghqf82v0z.jpg,77
v9430rfi7h.jpg,68
wpd8temlgf.jpg,218
s2gzqnerpm.jpg,177
t4n0gb5fqd.jpg,22
7hbu1t0qri.jpg,188
gjfuxspn4z.jpg,87
qm30pdhwvr.jpg,49
f03navzmgx.jpg,161
qt52lapn4u.jpg,62
ivmdapy6lf.jpg,124
9lcrqfjb5h.jpg,58
q3r2ofpgek.jpg,147
p1z3b6k7h9.jpg,143
nbmtws1pko.jpg,21
2cihfpdmx3.jpg,42
52wz6ckjah.jpg,61
dmkrnea8xl.jpg,201
y214qicd3x.jpg,26
srye1fa6c8.jpg,129
43q6y7vh2j.jpg,8
f2ery9c57l.jpg,112
nhs2oz6q7g.jpg,218
5n89rgs7oe.jpg,164
nrbxu8qi4w.jpg,92
xstdcqruzm.jpg,30
xvu7ysbajn.jpg,50
o1unmk6lqh.jpg,48
y7kmwceang.jpg,63
3qih2j9l46.jpg,74
nor2m6kl3e.jpg,180
n4f76zgl1k.jpg,122
bptqgijd5m.jpg,144
2l3yac8t0h.jpg,19
q02ei3zgws.jpg,64
xu18p0nm7z.jpg,146
ckjfi4d2xe.jpg,95
w1s09vhkei.jpg,135
ldkg08m549.jpg,52
9xtuim10gj.jpg,15
dojy76xpz0.jpg,204
m0bc3du956.jpg,140
az0b2vf84i.jpg,102
ek04buavnw.jpg,12
71qxlzfrd4.jpg,98
6yvsjl3tb4.jpg,76
7s51m4vpr3.jpg,95
u9s8e1m4z0.jpg,49
jokl9ycut7.jpg,137
43a86kwq5n.jpg,162
713yghkidx.jpg,110
nmcjeovyh0.jpg,23
n0oubk62hr.jpg,191
jws60uqnec.jpg,140
ent5160voj.jpg,10
zwh3lyv75s.jpg,122
t26js3x1oe.jpg,57
a076wnrgiz.jpg,134
i70dyc13pu.jpg,86
lv21x7bruh.jpg,47
17bz5tgpf8.jpg,80
ztbxuh3c05.jpg,185
zia9kyuohd.jpg,97
j4n5d1xrsh.jpg,126
oj2kb46pqs.jpg,156
9stfkuldec.jpg,58
ibqj9xecpa.jpg,82
u4stoagwp1.jpg,215
nur7dmye49.jpg,31
pw38e2ydta.jpg,176
8o3rfdetnl.jpg,83
crbfd3hi0o.jpg,48
zdy20axn9i.jpg,55
9h257z31pc.jpg,123
1bysp7e9xv.jpg,105
r4fc2pdhzy.jpg,67
ohv81kpimw.jpg,218
whaqlx8tuz.jpg,15
23680fkbw1.jpg,202
96jk237rpo.jpg,137
dkyjte6xbz.jpg,67
zluvr8ojiw.jpg,214
ajzs6h1pn2.jpg,216
joa3nw02l5.jpg,179
jzq15rcxbe.jpg,60
0a1h7votc5.jpg,203
x7fuqrtgv8.jpg,131
4m2oytns0q.jpg,112
gz0qbojfxh.jpg,164
6e1cyhrjaz.jpg,112
aohw7c4gyt.jpg,188
grlqzhnyok.jpg,29
tdybfg0ra5.jpg,172
sq5fwy2hga.jpg,174
ogt8wd0mec.jpg,141
nx6dy9t4lo.jpg,104
bpa2gctuoy.jpg,11
1obsiaeh65.jpg,20
eqm1tx2069.jpg,180
264zmpgj5h.jpg,31
zacbk1e23q.jpg,173
qplfwcjk5s.jpg,33
4lmuj1hkqx.jpg,116
7ply36k5qm.jpg,199
vpn29j6fq8.jpg,218
xdguayfb4z.jpg,203
w2p476fkb5.jpg,174
91mqhdo0al.jpg,160
h6fqlrj1xv.jpg,118
9gp27lioxw.jpg,128
dy75qjoecw.jpg,136
r81kif79xg.jpg,16
1q8dk4lsc2.jpg,147
ezb0rh8u9k.jpg,74
k2xvzyaltn.jpg,84
egpvrou3d7.jpg,5
u8enxy02os.jpg,159
eikbvn7jmu.jpg,176
5hvlgw7u8i.jpg,191
od8j3pyxl6.jpg,30
vlcxspnq92.jpg,140
9m5ws16hiq.jpg,157
w2p6cht3ly.jpg,214
jdgbru6fy5.jpg,194
rtuza85pdn.jpg,32
74gzbm9r3j.jpg,166
m37z861b4x.jpg,150
qvarj98tx2.jpg,104
0a7yscrh49.jpg,56
5p9dyk4se7.jpg,163
0clzd3aqyg.jpg,95
sbdapkw7c2.jpg,157
9qrse3z2pc.jpg,42
zqrl6bjp28.jpg,183
5pnr8xzcla.jpg,93
on4ml0hs6v.jpg,185
y0u1iwft7r.jpg,60
dsqn5iemuj.jpg,162
4ix1zfn92m.jpg,92
p648hquxov.jpg,197
br1mxvs4wy.jpg,97
1netcyzdol.jpg,126
f04i239syj.jpg,183
79rhbl31xe.jpg,99
fot93imz1j.jpg,56
t3a19egwoj.jpg,217
widmh6usgb.jpg,50
xm30zatujk.jpg,197
ahx6wi2lz1.jpg,202
zjf9rqgxu0.jpg,35
zmlvxb7ki0.jpg,40
4c2dgzevt5.jpg,175
p3mrfz0dj5.jpg,196
4nwgzrseim.jpg,140
m60vkta9w2.jpg,78
0tcrqbus31.jpg,43
yl2mo8edt1.jpg,29
r4yhvjs869.jpg,211
vwgaj8x36h.jpg,122
bc1lwy746q.jpg,82
32bjm0oyxh.jpg,191
fmlduinej5.jpg,113
cbinfhqu52.jpg,6
57jypxbrq1.jpg,79
3k5sm6icg4.jpg,171
c9l7ifzox6.jpg,55
1czdhke8jq.jpg,77
745f9kaumw.jpg,212
mc1zkvsjao.jpg,186
e5w4tvp82k.jpg,127
vksucmbaw8.jpg,197
ghk6ds48ma.jpg,56
jktye7hw5f.jpg,164
prtfdjexg9.jpg,217
xch35mq6yf.jpg,44
xzuk9ijngd.jpg,154
m3xu15lg7r.jpg,76
3l1h5kfut9.jpg,195
uwzjxydi52.jpg,169
vzj09htfuq.jpg,90
oxlestr1k6.jpg,144
5hezj6917n.jpg,42
gtwmer0l4n.jpg,7
4rvchfoz28.jpg,199
qjnskgeudp.jpg,211
16p7w48agz.jpg,8
oymw8gt2r9.jpg,156
o8ztux7lbq.jpg,96
0kv8j7wohr.jpg,18
xcu6ijgktv.jpg,19
h4wpfruq82.jpg,215
xos98jewhc.jpg,186
iwhp0271c6.jpg,205
syr8ux9fg4.jpg,185
jpai2l9hfn.jpg,70
cwhpj7uxv4.jpg,88
cmsbgpvzn1.jpg,161
4hef09wsd1.jpg,53
pwtgi3klaq.jpg,136
m8d9vls0z7.jpg,80
onbzlwsvxg.jpg,9
4bpk81twni.jpg,206
m3jyrhcwig.jpg,185
s6mrg5zw0d.jpg,206
okls31i9jq.jpg,125
49n1retqbw.jpg,77
29qxzcmn65.jpg,162
glfynq1p7i.jpg,208
3pe0du57w2.jpg,69
2zsfdbrex4.jpg,181
bcxa3245m6.jpg,186
2pns8ayv31.jpg,37
9gnia4zrl7.jpg,87
j3ldu4cvz5.jpg,124
16hyv9mz8g.jpg,213
wska7j1lgr.jpg,184
84v5ui7bx3.jpg,202
d86mo41piu.jpg,32
f6qwen3jub.jpg,96
g28oe73f14.jpg,115
4j90wex27m.jpg,159
remdslgt0u.jpg,55
pi3qt1nwxr.jpg,63
wtfb90cihg.jpg,137
x1b6pf3hlv.jpg,73
y7jmql0obx.jpg,193
hy7i46w2qd.jpg,81
xktn8crbf2.jpg,147
buew46j70c.jpg,123
7omu1phtfw.jpg,52
mlep321ufs.jpg,205
oxiw68qr4d.jpg,208
2vza9frwle.jpg,82
l94hpeoksd.jpg,78
ktu314bvyz.jpg,218
5msy97xr4h.jpg,156
vzlirt6auw.jpg,170
u31c6lixon.jpg,60
bgu708rvea.jpg,194
tjyg0bhe3u.jpg,72
ne81rvduqx.jpg,199
lmwtoh38a9.jpg,124
zxl7y9shwv.jpg,114
qz563hux0b.jpg,18
iwgz72d4tn.jpg,107
atdn0ucrev.jpg,153
9mibzng6w8.jpg,148
hza1p7umoe.jpg,135
3mankqhup7.jpg,66
a78wp9bm56.jpg,82
kzd9l6rsop.jpg,6
olsmwqdjyg.jpg,176
lkqajngu4m.jpg,107
sc1nkyruth.jpg,177
2a7qg8pwch.jpg,134
12yhed8ic0.jpg,89
uaeli2v5sy.jpg,205
60sqle9mu2.jpg,72
5bfoe3qsrn.jpg,85
p78ksv2rdf.jpg,47
31yivcarl7.jpg,122
lqm4f15bdw.jpg,1
d2skcf6qj0.jpg,65
u624vjlhrm.jpg,131
6wrqi8ezan.jpg,183
692b4mx71j.jpg,90
wq4dhc7plg.jpg,162
qgtxp6ywor.jpg,142
1jf89myh73.jpg,215
rjoy7ewqnh.jpg,173
8czytpboil.jpg,175
iqwcxahzbu.jpg,69
4d576busev.jpg,149
kswb8pmjt5.jpg,199
ivxu4fwkc5.jpg,4
96s3t71azm.jpg,118
3kpfvoexgm.jpg,37
zhb425a9ce.jpg,207
5r1qsxch3g.jpg,158
6xpm9ijoh4.jpg,208
fa1c0jnh4x.jpg,119
wo56q7gun2.jpg,206
dpzw7gs8af.jpg,210
xfzau2k4et.jpg,189
hlja4qfiv3.jpg,141
97ce0yjsq8.jpg,160
khoba54v1q.jpg,43
wnej37o2t6.jpg,171
iq9dog1skr.jpg,216
l85cea10di.jpg,80
w16yn8vi9e.jpg,182
w0p5os9myb.jpg,200
vu2xow7gcj.jpg,83
yrqh5dvngz.jpg,215
boi7lua65j.jpg,145
kbpiqo43df.jpg,179
43jkmp0i1y.jpg,147
igw1dypaot.jpg,93
ryknaceh6p.jpg,181
b6nd7w49yu.jpg,46
0xgifkj7pc.jpg,125
p6hvrs0ow2.jpg,120
6v1cxspbzq.jpg,169
z6hurl15nd.jpg,98
73ye0lkw1g.jpg,58
4uj97trdgs.jpg,17
6g5sm1idlk.jpg,98
jr4co1upx6.jpg,40
5yp3tnqvcd.jpg,6
9mzbrqly6x.jpg,89
ot5afdej6n.jpg,99
lnscbdo90j.jpg,49
y04pfgq65m.jpg,143
fk39h1p4oa.jpg,204
nvrui6zx51.jpg,41
nj8xhiabum.jpg,187
to14qjghyk.jpg,77
5tebim3lx2.jpg,50
i8zhjl6awn.jpg,208
klzx4pa8g3.jpg,200
ytosm8ecwa.jpg,186
ktp8nrqx6w.jpg,198
c5arzvbl9o.jpg,45
spz1m2eu9i.jpg,62
4b8opr57nl.jpg,168
5qo6s08m94.jpg,42
xez46twu13.jpg,117
f38ismvaw9.jpg,5
8ne7jmo9u4.jpg,97
emzhfwkv5s.jpg,165
r0t2n3qayu.jpg,121
l1ny3s9rxz.jpg,193
a1mxo96lnr.jpg,37
0v6mgkl3o2.jpg,144
x96ckwmedv.jpg,1
i256acudp8.jpg,83
19au3ysioc.jpg,147
fladmy8sg2.jpg,155
gtay86v4b1.jpg,78
vltg65hypb.jpg,56
fsrk4cpo31.jpg,101
frvu65iwbj.jpg,40
ktx1327qoy.jpg,10
zax6ufy9tb.jpg,128
4vh5ey82nj.jpg,117
xbrkn7sye0.jpg,120
swnvlfekd1.jpg,105
fhxet2n8zq.jpg,121
lm98b5ai6j.jpg,120
9cdfb7ezi8.jpg,201
s4xj2pcq3d.jpg,161
43reufjtbk.jpg,12
8m0rwzjbht.jpg,36
6aheo298kp.jpg,91
cmoxga5uye.jpg,194
xg8lt09fsv.jpg,75
05tdemvcqx.jpg,103
xuphae4cgf.jpg,114
ypum98e5ws.jpg,216
0vo6mh4bi5.jpg,88
d42kyl86ae.jpg,137
7ehd8z9wmj.jpg,136
cv7q49okdb.jpg,90
2j8bxnh640.jpg,56
2hy0a68iq4.jpg,102
debpqcmr2j.jpg,170
2n3hi80pw5.jpg,169
0xyi4gpvjl.jpg,173
uwg12c3vdj.jpg,106
wrqk0si3db.jpg,162
iqpg7j4au9.jpg,125
510lwubih8.jpg,49
jhe6u5mwp2.jpg,2
jbkt70iyov.jpg,61
vkwpygauor.jpg,140
59gdl1w3kf.jpg,175
5w1mlp3s8u.jpg,168
gaejc2x1yv.jpg,211
0dwec2hx45.jpg,61
7b6xvqj3zp.jpg,147
0whe2yom8g.jpg,217
dzxflg07yu.jpg,73
y7hvrlko0e.jpg,97
3vowbsjg06.jpg,85
fahwlr9cnu.jpg,139
ejzbtvr415.jpg,191
zgclfw96kh.jpg,71
lq405pergk.jpg,87
is7n8254rh.jpg,126
03jezhu9i8.jpg,155
gjno8qrtpk.jpg,45
83hvr51w6g.jpg,136
czw9ludry5.jpg,165
ilpcnh3m7v.jpg,134
9ekgzwyp81.jpg,163
3fwiax1g6v.jpg,209
vdn1wb8ics.jpg,192
2b45qrx6cd.jpg,217
z394wdmu0n.jpg,101
pmrq7iwv2k.jpg,43
fzy0gind52.jpg,123
y7m8ebhko9.jpg,73
qe84uklf5n.jpg,92
it147s2axc.jpg,37
2vzg9j1kbr.jpg,209
gh1alfj0np.jpg,14
z29e6d5tai.jpg,179
jxywbciseg.jpg,189
0h5c84vtlw.jpg,155
g06y4dovqm.jpg,142
ew4it5ofly.jpg,38
2lvns5x9zk.jpg,152
cjtuf520e9.jpg,149
dnkx23t4l0.jpg,10
dzcoxpkt0g.jpg,64
bjq6nfldhp.jpg,172
zhwtxjn53c.jpg,208
9g5sbqxvj2.jpg,83
zycmxdas26.jpg,126
cmxpdeq2y0.jpg,16
mrygus0lae.jpg,170
0ndfk7y2jv.jpg,128
zi684vlmpg.jpg,200
e9jhyfd1l3.jpg,111
cfxu2etmd3.jpg,93
2gjuevhqxa.jpg,169
xpwsfu178t.jpg,38
nmphylx1id.jpg,47
rowl27bhk0.jpg,18
4j3t69lek2.jpg,164
kluavs5gf0.jpg,181
h2zeodtbw4.jpg,197
g5tf0vy7b4.jpg,150
zft9e6qnu0.jpg,53
4py986qfen.jpg,61
3aegm7bpyk.jpg,150
0dhgmwk8ri.jpg,155
q586p7t9hg.jpg,132
58x4ewncgu.jpg,151
tw71lpib0s.jpg,166
4oxyaepql1.jpg,27
3jpy6cmnbr.jpg,15
ry04hntfju.jpg,193
rmvtse8bzi.jpg,154
y8cq54wgm0.jpg,218
t6d89h3fy2.jpg,86
rzp8oct4hl.jpg,34
bgndar2653.jpg,61
afx3pqtshe.jpg,210
rvn71yckqu.jpg,153
w2mx1arjse.jpg,86
4v3cegh9ly.jpg,126
8p0mzl9den.jpg,148
xhegwmkblc.jpg,200
ep8j1kgmr3.jpg,207
qdcpk1wolf.jpg,60
6b8kanr4cw.jpg,24
g87kq9h0ud.jpg,132
pb39vfweix.jpg,14
e5g7qz1ojr.jpg,128
3xk1wopr6s.jpg,99
qjem058p2r.jpg,35
co70xj3ge8.jpg,130
43tozprjky.jpg,164
wys0dev968.jpg,63
uj4k7dxra3.jpg,121
ebyk9ncgfu.jpg,200
8dgjwrzb0o.jpg,206
ovit6h9f18.jpg,159
f1qxij2g7z.jpg,77
3jsy6vdb5n.jpg,173
49knz0j8e1.jpg,19
nlmb4akwe8.jpg,190
lvk5f426zp.jpg,38
duc9o38q67.jpg,20
xmgld3c9ks.jpg,153
azrm16swlc.jpg,85
lcdv7n1oyk.jpg,141
4bn7zo5sh8.jpg,143
na4k1o5hgx.jpg,163
wmqf94xscb.jpg,110
395ogwhz1d.jpg,71
mzvitn8loc.jpg,39
wy1jzlasc4.jpg,64
frmp6b1lqu.jpg,121
h649ynrtlq.jpg,162
kyj39i1n7r.jpg,16
bzg6j9rw2v.jpg,160
thlb5vm2dk.jpg,173
cz0jdkr6h9.jpg,206
pd8uai5f4o.jpg,105
k40l7vaw3p.jpg,73
nfbtawq1ol.jpg,33
fl49dcj60u.jpg,78
ik026c5mvx.jpg,129
6j5uxb0as8.jpg,177
9gdj4pk5t2.jpg,35
hc48mgfuei.jpg,165
0jfd1cxlmv.jpg,114
5pdmtfbclk.jpg,37
sk3rb1in7f.jpg,57
df310e9rgx.jpg,180
c1ba5t8o92.jpg,184
0li9wram6f.jpg,32
zhf3bpm5ne.jpg,156
gpzbme2adt.jpg,148
a2z57xc4jf.jpg,8
3displcbjm.jpg,3
rmaksvl078.jpg,111
pqon0jxdya.jpg,146
v1i6u2hadq.jpg,104
eflc59auo1.jpg,16
pso7k648yg.jpg,212
87vbakz9gw.jpg,28
ghzbrw3oek.jpg,62
wst0py26hv.jpg,211
40pzc6lty3.jpg,47
58lrkijwg2.jpg,190
72auvi8oye.jpg,39
r6yhpvoqi0.jpg,214
pbw6l412uc.jpg,125
l9m8t251hi.jpg,104
pd368gxnhf.jpg,36
3rshz5gvja.jpg,46
r52wvxckqn.jpg,217
uxp3h518go.jpg,41
7zn2ew58ot.jpg,65
ouat2wqhbs.jpg,117
ldjerftmus.jpg,165
l741euagmb.jpg,59
8wjtkzyg73.jpg,93
wkq2cxavj0.jpg,12
zwnc62gvtp.jpg,192
av37tm40xq.jpg,99
3i0nf1mx24.jpg,108
zf9yqcuhxa.jpg,113
ugbyf48nv9.jpg,2
l0do9qfg4u.jpg,196
oalq79x1c2.jpg,66
5vhjqkxym1.jpg,157
x9oqk4psfi.jpg,161
kqob5hm431.jpg,79
s80pe1vx7q.jpg,158
8yqvnu10tf.jpg,23
m2by3vriws.jpg,174
nvt6c30p9e.jpg,207
0txhk2rbud.jpg,36
hpyzt8gdwo.jpg,116
qzk1owcvjh.jpg,180
n817licgxt.jpg,41
2ex1dclf3w.jpg,72
4anwm0t7y6.jpg,191
4sxf95pqkl.jpg,108
pqkno27xu5.jpg,142
y3scgxkje4.jpg,159
ekrsxihf6w.jpg,52
hsxm2jv71o.jpg,75
c36owaezhg.jpg,118
v0js9w78qt.jpg,198
xs71ci35m6.jpg,18
n8wzhtysue.jpg,119
ti4lrx075p.jpg,66
7ul5v2gzmi.jpg,175
zq09k7cio5.jpg,173
xklasoh1m2.jpg,91
i32htf7rua.jpg,64
kwdxvj6cs3.jpg,100
sq4jl1xibn.jpg,50
j6qpndl9ts.jpg,2
i4gvt98pmf.jpg,119
q8v6mupkbz.jpg,19
du5yvhek2g.jpg,107
zgy2obdwaj.jpg,169
mo235tuzhr.jpg,112
3v4ja9rkuo.jpg,44
osa98i7num.jpg,153
v84esc5hwq.jpg,11
gbr8o6p2zs.jpg,55
j7xdriveow.jpg,4
04kxsd2rf9.jpg,94
le15pinmv8.jpg,115
vpk6t0sno2.jpg,135
ucm9b4d8gq.jpg,109
v907h3oy5m.jpg,38
tbmcoe8wp5.jpg,171
cygwl39k7d.jpg,68
6htcvonw5d.jpg,82
yfj4ov675x.jpg,114
i0hv8t193j.jpg,202
op15mqifrx.jpg,38
ixgph4yve8.jpg,35
1ofy7jk3li.jpg,86
vfrmch3qp2.jpg,38
ch287fbnt5.jpg,206
6jmp43euya.jpg,85
x7bnam04pd.jpg,172
1gjn5y6bur.jpg,93
dyw6jagi1l.jpg,198
zn8jshfrp6.jpg,146
kol0dbpm34.jpg,216
905ixmp3kb.jpg,158
nxmics6hpl.jpg,165
vonf9cr8uw.jpg,195
y31pqcahlu.jpg,113
gxu3rhn1bf.jpg,193
a7e0ohzlr4.jpg,10
r2sa7u3gkf.jpg,129
tb5neawzl6.jpg,126
dywmsqet2l.jpg,122
ls6kdpgmxr.jpg,121
gr8hxnsmju.jpg,1
2m87ikb03x.jpg,109
9op25q8awv.jpg,101
8ekqg1j450.jpg,143
gzfpsk87mn.jpg,64
ektm9fqixw.jpg,111
gu39d8ealw.jpg,51
zcjqhoyiun.jpg,2
it3s850frc.jpg,167
09de32ybos.jpg,176
37ljg2i5vw.jpg,112
ukjvo7164e.jpg,25
kf65se24pu.jpg,213
1ic9ys5fem.jpg,57
m4dtjfyu0w.jpg,0
h2qk0uiwxf.jpg,47
hprzm6g2l4.jpg,31
utsd5lnm0y.jpg,13
iokf6mcrq2.jpg,213
b0zyo46l8j.jpg,138
xqp0dwo92t.jpg,167
zwmby0rk5g.jpg,160
s0ipxvude7.jpg,89
5qewzk21a7.jpg,174
up1jt7ioe9.jpg,69
9oq2agxm46.jpg,179
dp0mcb54wo.jpg,27
sk8hfvx20r.jpg,172
u3zy6qmi85.jpg,137
u06tnmlfqg.jpg,96
utg5o0ih6z.jpg,1
iu06o91mjx.jpg,79
cquods1her.jpg,39
7omq8vwl04.jpg,166
uhqz65x7ia.jpg,53
h2k8573apr.jpg,110
au51dlkvj8.jpg,13
xouyq5lr63.jpg,124
ntgosahmjl.jpg,17
glncqif729.jpg,15
9yegr5ltuv.jpg,213
agj4spqzex.jpg,11
pcwxgk572u.jpg,108
fjadmcgl41.jpg,148
o4kcesbh1d.jpg,24
h8m62b9jkl.jpg,140
dxu71sivlo.jpg,114
q7k2r5mj6y.jpg,211
qd1hiyl45j.jpg,14
spvjet76mi.jpg,73
kx7trgw62n.jpg,100
zi1nx5rjwb.jpg,28
5c0vsrdtpq.jpg,0
zxa49ovwe3.jpg,30
hakv49umqs.jpg,116
ekilyuds31.jpg,89
4plyjux7en.jpg,84
l67e9khvj4.jpg,210
bgwtk4fx1y.jpg,11
6fgo3dbp7y.jpg,138
3ic42ol7ub.jpg,166
